<?xml version="1.0" encoding="UTF-8"?>
<project-private xmlns="http://www.netbeans.org/ns/project-private/1">
    <editor-bookmarks xmlns="http://www.netbeans.org/ns/editor-bookmarks/2" lastBookmarkId="0"/>
    <open-files xmlns="http://www.netbeans.org/ns/projectui-open-files/2">
        <group>
            <file>file:/D:/John/Semester%203/PBO/uapPBO/src/uappbo/UapPBO.java</file>
            <file>file:/D:/John/Semester%203/PBO/uapPBO/src/uappbo/ProdukInputController.java</file>
            <file>file:/D:/John/Semester%203/PBO/uapPBO/src/uappbo/InputPenjualanController.java</file>
            <file>file:/D:/John/Semester%203/PBO/uapPBO/src/uappbo/penjualan.fxml</file>
            <file>file:/D:/John/Semester%203/PBO/uapPBO/src/uappbo/home.fxml</file>
            <file>file:/D:/John/Semester%203/PBO/uapPBO/src/uappbo/produkDelete.fxml</file>
            <file>file:/D:/John/Semester%203/PBO/uapPBO/src/uappbo/inputPenjualan.fxml</file>
            <file>file:/D:/John/Semester%203/PBO/uapPBO/src/uappbo/ProdukDeleteController.java</file>
            <file>file:/D:/John/Semester%203/PBO/uapPBO/src/uappbo/Penjualan.java</file>
            <file>file:/D:/John/Semester%203/PBO/uapPBO/src/uappbo/PenjualanController.java</file>
        </group>
    </open-files>
</project-private>
